{"Algeria": 1875.3897395155514, "Argentina": 2186.760159688415, "Australia": 1948.8249311785146, "Austria": 1917.1216223278159, "Belgium": 1965.1378352021538, "Bosnia and Herzegovina": 1668.2347510504424, "Brazil": 2055.863846892829, "Cabo Verde": 1644.4887572826963, "Canada": 1865.8066113194018, "Colombia": 2066.3478588086023, "Croatia": 1943.417794785155, "Cura\u00e7ao": 1594.5176468441916, "Czechia": 1799.3667952033209, "DR Congo": 1772.8037767094013, "Ecuador": 1972.6488481909084, "Egypt": 1805.8948185138545, "England": 2110.7122011084293, "France": 2146.179119530035, "Germany": 2014.9858729358004, "Ghana": 1676.78795007772, "Haiti": 1688.6186621892355, "Iran": 1881.4117588475285, "Iraq": 1714.3686544077555, "Ivory Coast": 1850.0516324758858, "Japan": 1992.7225951142905, "Jordan": 1743.1082429052092, "Mexico": 1959.560674842672, "Morocco": 1991.6299827332978, "Netherlands": 2009.133944021329, "New Zealand": 1735.6414040324544, "Norway": 1977.6023498854252, "Panama": 1783.889795757699, "Paraguay": 1865.7086884494468, "Portugal": 2015.5908345750881, "Qatar": 1591.2077178175657, "Saudi Arabia": 1715.5404026788085, "Scotland": 1859.342475842319, "Senegal": 1886.8059698614065, "South Africa": 1645.1343010809455, "South Korea": 1884.7909265558374, "Spain": 2147.8120952933477, "Sweden": 1815.7352364542699, "Switzerland": 1914.9436658619147, "Tunisia": 1702.8358377385543, "Turkey": 1898.2471717744224, "United States": 1875.9047992429457, "Uruguay": 1947.810282240531, "Uzbekistan": 1800.754824789445}