{"Scotland": 1840.2643182329687, "England": 2078.7095858126168, "United States": 1824.5297825079767, "Canada": 1888.4897264679437, "Uruguay": 1967.4152545383126, "Argentina": 2168.9326389167404, "Austria": 1886.154788887448, "Belgium": 1980.0180293521921, "France": 2126.368778005882, "Switzerland": 1938.6047616672681, "Netherlands": 2010.8445710210538, "South Africa": 1653.4073313518084, "Germany": 2003.2060815438845, "Sweden": 1759.5808632862027, "Norway": 1954.12862629785, "Brazil": 2062.4370732322222, "Japan": 1991.0119681145657, "Paraguay": 1917.0837051844157, "Spain": 2176.6157271719726, "Egypt": 1791.0146243638162, "Portugal": 2035.75930973879, "New Zealand": 1721.795215731003, "Australia": 1897.0053298782639, "Mexico": 1951.287644571809, "Turkey": 1950.0667730746732, "Cura\u00e7ao": 1606.2974382361076, "Haiti": 1707.6968197985857, "Colombia": 2047.2004421518184, "Panama": 1829.3494933154807, "Ecuador": 2019.2000944392173, "Croatia": 1975.4204100809675, "Iran": 1895.2579471489798, "DR Congo": 1752.6353015456993, "South Korea": 1878.6970262565835, "Ghana": 1631.3282525199384, "Tunisia": 1758.9902109066215, "Morocco": 1985.0567563939042, "Cabo Verde": 1644.4887572826963, "Ivory Coast": 1803.5003862275769, "Iraq": 1737.8423779953307, "Senegal": 1906.6163113855594, "Jordan": 1774.0750763455771, "Algeria": 1893.2172602872258, "Saudi Arabia": 1695.935430381027, "Qatar": 1567.5466220122123, "Uzbekistan": 1819.902241446229, "Czechia": 1799.3667952033209, "Bosnia and Herzegovina": 1645.5516359019005}