{"Algeria": 1893.2172602872258, "Argentina": 2168.9326389167404, "Australia": 1897.0053298782639, "Austria": 1886.154788887448, "Belgium": 1980.0180293521921, "Bosnia and Herzegovina": 1645.5516359019005, "Brazil": 2062.4370732322222, "Cabo Verde": 1644.4887572826963, "Canada": 1888.4897264679437, "Colombia": 2047.2004421518184, "Croatia": 1975.4204100809675, "Cura\u00e7ao": 1606.2974382361076, "Czechia": 1799.3667952033209, "DR Congo": 1752.6353015456993, "Ecuador": 2019.2000944392173, "Egypt": 1791.0146243638162, "England": 2078.7095858126168, "France": 2126.368778005882, "Germany": 2003.2060815438845, "Ghana": 1631.3282525199384, "Haiti": 1707.6968197985857, "Iran": 1895.2579471489798, "Iraq": 1737.8423779953307, "Ivory Coast": 1803.5003862275769, "Japan": 1991.0119681145657, "Jordan": 1774.0750763455771, "Mexico": 1951.287644571809, "Morocco": 1985.0567563939042, "Netherlands": 2010.8445710210538, "New Zealand": 1721.795215731003, "Norway": 1954.12862629785, "Panama": 1829.3494933154807, "Paraguay": 1917.0837051844157, "Portugal": 2035.75930973879, "Qatar": 1567.5466220122123, "Saudi Arabia": 1695.935430381027, "Scotland": 1840.2643182329687, "Senegal": 1906.6163113855594, "South Africa": 1653.4073313518084, "South Korea": 1878.6970262565835, "Spain": 2176.6157271719726, "Sweden": 1759.5808632862027, "Switzerland": 1938.6047616672681, "Tunisia": 1758.9902109066215, "Turkey": 1950.0667730746732, "United States": 1824.5297825079767, "Uruguay": 1967.4152545383126, "Uzbekistan": 1819.902241446229}