{"Scotland": 1840.2643182329687, "England": 2078.7095858126168, "Wales": 1739.119710384712, "Northern Ireland": 1660.6545385336394, "United States": 1824.5297825079767, "Canada": 1888.4897264679437, "Uruguay": 1967.4152545383126, "Argentina": 2168.9326389167404, "Austria": 1886.154788887448, "Hungary": 1770.8343428787446, "Czechoslovakia": 1802.0774608032514, "Belgium": 1980.0180293521921, "France": 2126.368778005882, "Switzerland": 1938.6047616672681, "Guernsey": 1744.810072206043, "Alderney": 1076.0288957447303, "Jersey": 1803.276643504685, "Netherlands": 2010.8445710210538, "Guyana": 1485.872603640758, "Trinidad and Tobago": 1537.585149227205, "South Africa": 1653.4073313518084, "Germany": 2003.2060815438845, "Sweden": 1759.5808632862027, "Norway": 1954.12862629785, "Denmark": 1915.158780272847, "Italy": 1922.9494468268865, "Chile": 1796.791989078084, "Russia": 1845.7256154171487, "Finland": 1610.6670230300679, "Luxembourg": 1464.488804661384, "Catalonia": 1653.1245705078334, "Philippines": 1345.7680307595317, "China": 1551.6069797119376, "Brazil": 2062.4370732322222, "Basque Country": 1796.139460715428, "Japan": 1991.0119681145657, "Paraguay": 1917.0837051844157, "Romania": 1687.5954986614377, "Greece": 1787.53804375136, "Yugoslavia": 1874.625748898425, "Spain": 2176.6157271719726, "Egypt": 1791.0146243638162, "Estonia": 1420.8999456037868, "Suriname": 1591.5027043256487, "Provence": 1461.2623345654938, "Costa Rica": 1731.622074261909, "El Salvador": 1501.447899466562, "Guatemala": 1633.2025409711432, "Poland": 1777.9961036739, "Portugal": 2035.75930973879, "Brittany": 1504.357775102366, "New Zealand": 1721.795215731003, "Australia": 1897.0053298782639, "Latvia": 1340.8736294321523, "Galicia": 1528.8705254646788, "Central Spain": 1495.317158400716, "Mexico": 1951.287644571809, "Andalusia": 1593.1996229599065, "Asturias": 1520.5297736017358, "Lithuania": 1348.0892706578757, "Turkey": 1950.0667730746732, "Aruba": 1218.8216081191679, "Cura\u00e7ao": 1606.2974382361076, "Bulgaria": 1538.5523077208838, "Ireland": 1758.499683790059, "Haiti": 1707.6968197985857, "Jamaica": 1659.6988639058966, "Kenya": 1475.1522709800402, "Uganda": 1529.170539481779, "Bolivia": 1715.915849591259, "Peru": 1768.232289074688, "Honduras": 1691.378813258757, "Belarus": 1583.832812661764, "Ukraine": 1848.1073044933644, "Barbados": 1133.3506556560894, "Nicaragua": 1496.650654004658, "Cuba": 1424.7792982357319, "Martinique": 1485.9344123016479, "Dominica": 1178.050509689617, "Silesia": 1507.001056535683, "Guadeloupe": 1533.5689589572698, "Israel": 1687.9901813488136, "Indonesia": 1505.257141538392, "French Guiana": 1454.2984273563911, "Saint Lucia": 1230.6108539327395, "Colombia": 2047.2004421518184, "Panama": 1829.3494933154807, "Venezuela": 1805.6305920395225, "Ecuador": 2019.2000944392173, "Saint Kitts and Nevis": 1274.6143839128515, "Grenada": 1288.451728019175, "India": 1221.0889524183287, "Slovakia": 1725.5438896912692, "Manchukuo": 1430.3535518953388, "Croatia": 1975.4204100809675, "Lebanon": 1442.0594577831037, "Puerto Rico": 1350.9682273574729, "Afghanistan": 1153.4730594066814, "Iran": 1895.2579471489798, "Mongolia": 971.513446289732, "Tanzania": 1411.7107412386665, "Zimbabwe": 1481.5403938641753, "Zambia": 1554.3775866599647, "Iceland": 1634.1130428015817, "Albania": 1669.2812321110925, "Montenegro": 1516.698855761316, "Madagascar": 1509.9622658127169, "Mauritius": 1207.2283117953068, "R\u00e9union": 1584.1339507298624, "Zanzibar": 1559.0032433776526, "Djibouti": 1076.2655632441026, "Ethiopia": 1394.9260223357855, "DR Congo": 1752.6353015456993, "South Korea": 1878.6970262565835, "Vietnam": 1462.4094747069462, "Macau": 817.4007119817653, "Dominican Republic": 1467.7092680059386, "Cyprus": 1368.4544537805352, "Sierra Leone": 1473.0075576529596, "Nigeria": 1842.356011622974, "Syria": 1603.8366503722134, "Serbia": 1782.6850400480484, "Taiwan": 1038.6459173810936, "Ghana": 1631.3282525199384, "Myanmar": 1130.6358299522476, "New Caledonia": 1603.0873297855178, "Vanuatu": 1443.5317328452466, "Fiji": 1425.3527054960362, "Pakistan": 1113.311034411834, "Sri Lanka": 1016.5159041166133, "German DR": 1731.1376364503228, "Tahiti": 1513.602360765558, "Gambia": 1540.1477565591242, "Hong Kong": 1303.8370864630767, "Singapore": 1307.0150361493036, "Malaysia": 1490.6630482310381, "Guinea-Bissau": 1375.0625046283008, "Saarland": 1446.254793108806, "Burundi": 1393.5604711345832, "Cameroon": 1711.0526734183309, "Kernow": 1596.1076495731663, "Cambodia": 1071.424507847001, "Thailand": 1529.6457768341659, "Vietnam Republic": 1333.111334646151, "Kyrgyzstan": 1452.405554843603, "Moldova": 1314.5195126945803, "North Vietnam": 1487.2280131457417, "Togo": 1496.0537297102514, "North Korea": 1491.9960294500677, "Sudan": 1481.430480718199, "Malta": 1353.040889548398, "Tunisia": 1758.9902109066215, "Libya": 1529.4522610288118, "Malawi": 1437.9360701450478, "Morocco": 1985.0567563939042, "Benin": 1544.9842897055662, "Cabo Verde": 1644.4887572826963, "Ivory Coast": 1803.5003862275769, "Burkina Faso": 1666.6192108690593, "Gabon": 1542.3489562523594, "Congo": 1327.9684505345367, "Mali": 1718.4115126672802, "Central African Republic": 1363.4907095226351, "Iraq": 1737.8423779953307, "Saint Vincent and the Grenadines": 1350.081508281637, "Senegal": 1906.6163113855594, "Laos": 933.4904135993547, "Mauritania": 1447.2700196655526, "Liberia": 1439.4458876399485, "Chad": 1247.5506480597965, "Niger": 1500.129708450798, "Guinea": 1580.164621591609, "Kuwait": 1473.4177555982303, "Jordan": 1774.0750763455771, "Algeria": 1893.2172602872258, "Papua New Guinea": 1456.1064076331104, "Solomon Islands": 1373.3699373382674, "Somalia": 1062.6958110002354, "Saudi Arabia": 1695.935430381027, "Bermuda": 1342.6397951208635, "Palestine": 1590.2899370267655, "Yemen": 1305.1272488526256, "Bahrain": 1541.2521341662675, "Oman": 1574.0718646352393, "Wallis Islands and Futuna": 1295.9883166978634, "Corsica": 1556.5671003735572, "Western Australia": 1394.740614615976, "Eswatini": 1317.7265912414298, "Botswana": 1400.878842597084, "Qatar": 1567.5466220122123, "Lesotho": 1417.4872460458766, "Bahamas": 963.4438736417532, "Brunei": 888.4831109147704, "Cook Islands": 1147.5602004528482, "Yemen DPR": 1350.5171857925375, "United Arab Emirates": 1666.040899221462, "Faroe Islands": 1432.1201553943738, "Nepal": 1084.447898362477, "Antigua and Barbuda": 1135.3511330416536, "Bangladesh": 1129.5827544193214, "Seychelles": 1010.6298340593594, "Equatorial Guinea": 1448.906738366487, "Mozambique": 1501.1300443801258, "Guam": 965.4835172156744, "Angola": 1579.444805798045, "S\u00e3o Tom\u00e9 and Pr\u00edncipe": 1182.6401329462317, "Rwanda": 1446.1270777791499, "Northern Cyprus": 1711.4028411827414, "Armenia": 1442.0847973846282, "Georgia": 1694.5117224923429, "Azerbaijan": 1399.7091589379197, "Kazakhstan": 1509.2491685889877, "Comoros": 1480.0748930301124, "Maldives": 979.3755202053834, "Tonga": 1073.2335947355577, "Tuvalu": 1219.2805309958947, "Kiribati": 1234.6814289519966, "Samoa": 1250.713340379374, "Greenland": 1465.0999488990667, "Liechtenstein": 1000.0110208034837, "Bhutan": 849.6780968449834, "South Yemen": 1468.9319309258155, "Niue": 1427.2276842256024, "American Samoa": 932.3057878412944, "Belize": 1287.161121588528, "Cayman Islands": 1046.2596005901564, "Anguilla": 906.6642294221195, "British Virgin Islands": 1033.7754071392103, "Palau": 1421.3666214219365, "Sint Maarten": 1293.3912401386306, "Namibia": 1432.1259085050528, "Shetland": 1500.9371371639413, "Ynys M\u00f4n": 1639.7632748082758, "\u00c5land Islands": 1473.4623865982253, "Saint Martin": 1291.5589665784596, "San Marino": 897.4404926773367, "Montserrat": 1240.8457860099297, "Slovenia": 1726.1830089258597, "Isle of Wight": 1660.0420376105358, "Turkmenistan": 1384.1616541920625, "Tajikistan": 1440.3064845788244, "Uzbekistan": 1819.902241446229, "Eritrea": 1201.3555296608997, "Isle of Man": 1709.0655427409572, "Gibraltar": 1146.578596767908, "North Macedonia": 1648.1766334026895,