{"Algeria": 1859.529635986157, "Argentina": 2237.243757458632, "Australia": 1901.3784785555674, "Austria": 1882.3038459401027, "Belgium": 2035.1256926063168, "Bosnia and Herzegovina": 1669.6903588894486, "Brazil": 2071.364831851943, "Cabo Verde": 1644.484340547345, "Canada": 1832.4298565813972, "Colombia": 2072.536735945713, "Croatia": 1947.8788182688497, "Cura\u00e7ao": 1598.15965531298, "Czechia": 1799.3657167811868, "DR Congo": 1800.1760988911167, "Ecuador": 1952.6332053133526, "Egypt": 1844.3258016037437, "England": 2158.7100283457, "France": 2231.6273801422926, "Germany": 1986.6550420771075, "Ghana": 1685.1590703929635, "Haiti": 1665.7891641346816, "Iran": 1884.5045349445309, "Iraq": 1671.8712013957806, "Ivory Coast": 1833.194386681, "Japan": 1971.6810366560399, "Jordan": 1718.6230003000628, "Mexico": 1982.1369627992192, "Morocco": 2027.4335211047608, "Netherlands": 2045.2621688668369, "New Zealand": 1678.8734167026764, "Norway": 2008.8256880159968, "Panama": 1754.3647825907237, "Paraguay": 1897.7116111016726, "Portugal": 2048.986227681486, "Qatar": 1541.9049746004566, "Saudi Arabia": 1694.4923230234413, "Scotland": 1817.8662166811375, "Senegal": 1875.673965678751, "South Africa": 1663.8076009517063, "South Korea": 1821.001440556705, "Spain": 2224.943331286678, "Sweden": 1794.2867299532572, "Switzerland": 1989.8459912434869, "Tunisia": 1674.5059833898667, "Turkey": 1907.7885238604772, "United States": 1838.6694210905066, "Uruguay": 1910.345593948401, "Uzbekistan": 1727.4199030573889}