{"Algeria": 1895.0844692981339, "Argentina": 2207.87214340934, "Australia": 1906.560052544496, "Austria": 1900.7930862331837, "Belgium": 1978.7719962966448, "Bosnia and Herzegovina": 1683.8718438845763, "Brazil": 2089.5489250064493, "Cabo Verde": 1644.4888172353087, "Canada": 1845.2800368632404, "Colombia": 2072.842730183296, "Croatia": 1971.5955129272866, "Cura\u00e7ao": 1598.1571812069358, "Czechia": 1799.3633538545291, "DR Congo": 1809.7884347260149, "Ecuador": 1985.787361515063, "Egypt": 1845.9136448861193, "England": 2097.673866575469, "France": 2184.8502951204823, "Germany": 1994.6916855937232, "Ghana": 1691.1636473243746, "Haiti": 1665.7869596039088, "Iran": 1884.502624212201, "Iraq": 1671.8689852586906, "Ivory Coast": 1853.5553992753696, "Japan": 1993.598014072192, "Jordan": 1718.6211091446853, "Mexico": 1979.4379157592998, "Morocco": 2022.2417534588194, "Netherlands": 2047.4320204242695, "New Zealand": 1678.8713917322289, "Norway": 1969.3295429720283, "Panama": 1754.3634953331843, "Paraguay": 1899.2673958513153, "Portugal": 2045.4389345350355, "Qatar": 1541.901930880233, "Saudi Arabia": 1694.4903822161393, "Scotland": 1817.864459187779, "Senegal": 1898.8983745581686, "South Africa": 1680.5675895932548, "South Korea": 1820.9989354363258, "Spain": 2168.8340890961326, "Sweden": 1804.879630078831, "Switzerland": 1969.1265234900548, "Tunisia": 1674.5079615752907, "Turkey": 1907.786081020004, "United States": 1875.0568824858685, "Uruguay": 1910.3436705541285, "Uzbekistan": 1727.4180924949248}